env_step,episode,phase,episode_return,episode_length,eval_return,time_sec,alpha,q1_mean
11,1,train,6.317569947563078,11,,0.01,nan,nan
42,2,train,22.699453995020296,31,,0.02,nan,nan
59,3,train,10.04779648724692,17,,0.02,nan,nan
87,4,train,15.308861118417619,28,,0.03,nan,nan
105,5,train,17.85060360739306,18,,0.03,nan,nan
117,6,train,11.055206910555512,12,,0.03,nan,nan
129,7,train,9.692237124331024,12,,0.04,nan,nan
146,8,train,9.891567331136356,17,,0.04,nan,nan
198,9,train,82.86475961870259,52,,0.05,nan,nan
236,10,train,45.095580204623566,38,,0.05,nan,nan
306,11,train,115.35161707255308,70,,0.06,nan,nan
333,12,train,9.267050000836834,27,,0.07,nan,nan
347,13,train,13.615677917795487,14,,0.07,nan,nan
414,14,train,76.17188338409946,67,,0.08,nan,nan
443,15,train,33.12141263204373,29,,0.09,nan,nan
461,16,train,10.489995458715217,18,,0.1,nan,nan
492,17,train,35.43366183662746,31,,0.11,nan,nan
528,18,train,46.224929365874644,36,,0.12,nan,nan
557,19,train,35.88512869628736,29,,0.13,nan,nan
571,20,train,14.560501565508249,14,,0.13,nan,nan
582,21,train,9.065447107810812,11,,0.13,nan,nan
609,22,train,21.94341858801151,27,,0.14,nan,nan
620,23,train,7.16293490479597,11,,0.14,nan,nan
629,24,train,6.589796655603889,9,,0.14,nan,nan
644,25,train,9.919604772024385,15,,0.14,nan,nan
655,26,train,6.639690279956334,11,,0.14,nan,nan
682,27,train,31.326342794451865,27,,0.15,nan,nan
720,28,train,8.265480090776014,38,,0.15,nan,nan
739,29,train,8.76099669638661,19,,0.16,nan,nan
753,30,train,10.97485406224341,14,,0.16,nan,nan
765,31,train,11.045039970525938,12,,0.16,nan,nan
779,32,train,11.955673720869985,14,,0.17,nan,nan
792,33,train,9.880479205464297,13,,0.17,nan,nan
817,34,train,30.26301439584845,25,,0.17,nan,nan
850,35,train,28.542631145337875,33,,0.18,nan,nan
868,36,train,10.993695098139762,18,,0.18,nan,nan
883,37,train,12.012206512656274,15,,0.18,nan,nan
905,38,train,12.14194277040765,22,,0.19,nan,nan
939,39,train,41.97450782719916,34,,0.2,nan,nan
950,40,train,8.76870093939969,11,,0.2,nan,nan
967,41,train,16.153714057458984,17,,0.2,nan,nan
980,42,train,8.038965130404549,13,,0.2,nan,nan
991,43,train,7.3263711256979045,11,,0.2,nan,nan
1001,44,train,7.271732481926161,10,,0.46,0.2,0.183
1013,45,train,7.585109957104306,12,,0.71,0.2,0.471
1023,46,train,5.238068280846831,10,,0.97,0.2,0.485
1032,47,train,6.8540050357217535,9,,1.21,0.2,0.54
1048,48,train,11.375374924833364,16,,1.62,0.2,0.568
1059,49,train,9.074049965758155,11,,1.85,0.2,0.617
1074,50,train,14.593179038078889,15,,2.1,0.2,0.632
1098,51,train,28.496525739678606,24,,2.58,0.2,0.68
1107,52,train,5.9788682397895005,9,,2.74,0.2,0.677
1136,53,train,14.822139203981175,29,,3.46,0.2,0.719
1168,54,train,30.39424069558411,32,,4.13,0.2,0.803
1192,55,train,17.053855746910262,24,,4.56,0.2,0.848
1252,56,train,39.8549173030828,60,,6.03,0.2,0.927
1270,57,train,9.978517024637892,18,,6.46,0.2,0.967
1312,58,train,23.21405386351482,42,,7.39,0.2,1.007
1328,59,train,7.485507066947952,16,,7.74,0.2,1.06
1343,60,train,12.209606938628811,15,,8.05,0.2,1.076
1370,61,train,34.68887047756813,27,,8.62,0.2,1.146
1398,62,train,8.558158145849811,28,,9.37,0.2,1.227
1428,63,train,11.114081075670777,30,,10.19,0.2,1.266
1444,64,train,10.572562876680136,16,,10.66,0.2,1.274
1481,65,train,23.653661550364106,37,,11.71,0.2,1.371
1538,66,train,41.886799756043125,57,,13.41,0.2,1.446
1622,67,train,57.96890536765899,84,,15.54,0.2,1.607
1639,68,train,13.861796748127347,17,,16.04,0.2,1.629
1681,69,train,43.08248279349282,42,,17.33,0.2,1.732
1711,70,train,10.900433215096756,30,,18.11,0.2,1.738
1761,71,train,25.79969525650007,50,,19.4,0.2,1.83
1827,72,train,111.28610453690439,66,,21.32,0.2,2.034
1873,73,train,75.34385813752837,46,,22.24,0.2,2.138
1909,74,train,60.34521103592154,36,,22.94,0.2,2.204
1992,75,train,58.96556440029155,83,,25.14,0.2,2.271
2086,76,train,102.82777359809,94,,27.21,0.2,2.52
2104,77,train,17.757689592032705,18,,27.66,0.2,2.471
2227,78,train,165.41803911481585,123,,30.46,0.2,2.725
2274,79,train,83.05426972663561,47,,31.71,0.2,2.801
2312,80,train,8.383143942568296,38,,32.49,0.2,2.828
2427,81,train,138.59906358284232,115,,35.34,0.2,3.188
2494,82,train,42.581404511574114,67,,36.65,0.2,3.231
2570,83,train,71.25031140594494,76,,38.65,0.2,3.255
2624,84,train,99.76233786147898,54,,40.09,0.2,3.453
2678,85,train,95.18708277939557,54,,41.18,0.2,3.432
2732,86,train,95.48467946767987,54,,42.53,0.2,3.73
2850,87,train,200.19452084944595,118,,45.59,0.2,3.903
2944,88,train,187.76613622455298,94,,47.86,0.2,4.096
3022,89,train,142.57043191798286,78,,50.07,0.2,4.316
3078,90,train,92.80623718971717,56,,51.48,0.2,4.459
3191,91,train,225.15827969500359,113,,55.15,0.2,4.659
3244,92,train,34.73815975988339,53,,56.68,0.2,4.671
3333,93,train,168.79581461353646,89,,59.03,0.2,5.003
3406,94,train,137.60441769885773,73,,61.35,0.2,5.062
3518,95,train,231.86558552336834,112,,63.9,0.2,5.432
3617,96,train,210.94126842947404,99,,66.33,0.2,5.486
3687,97,train,114.03228675909142,70,,68.28,0.2,5.626
3801,98,train,238.99724379613582,114,,71.09,0.2,5.872
3918,99,train,256.63081517247633,117,,73.78,0.2,6.011
4027,100,train,238.93603767440578,109,,76.29,0.2,6.468
4148,101,train,237.42765260199428,121,,78.97,0.2,6.581
4248,102,train,215.73886750534658,100,,81.39,0.2,6.742
4349,103,train,220.96260205540602,101,,84.0,0.2,7.013
4464,104,train,238.08054968429568,115,,86.43,0.2,7.258
4578,105,train,244.52855628892377,114,,89.7,0.2,7.27
4692,106,train,254.29215826369298,114,,92.69,0.2,7.634
4815,107,train,295.49935722410873,123,,96.89,0.2,8.017
4934,108,train,246.0267659634165,119,,100.21,0.2,8.468
5000,108,eval,,,303.14,102.87,0.2,8.199
5059,109,train,300.6187885587339,125,,104.29,0.2,8.444
5183,110,train,310.96222368060785,124,,106.88,0.2,8.356
5300,111,train,254.07276558060974,117,,109.85,0.2,8.778
5414,112,train,257.08580508796894,114,,112.5,0.2,8.693
5544,113,train,319.99924531247206,130,,115.53,0.2,9.338
5678,114,train,316.2925439123689,134,,118.66,0.2,9.468
5813,115,train,322.638844764329,135,,121.93,0.2,9.743
5946,116,train,315.82622118294813,133,,125.11,0.2,9.961
6080,117,train,320.1679623529039,134,,128.27,0.2,10.301
6217,118,train,295.58446138416014,137,,132.2,0.2,10.368
6358,119,train,321.3966694474844,141,,136.17,0.2,10.647
6489,120,train,297.4734255718645,131,,140.17,0.2,11.051
6623,121,train,321.8823076114099,134,,144.09,0.2,11.157
6754,122,train,316.9750031220085,131,,147.42,0.2,11.293
6886,123,train,309.76295025582385,132,,151.09,0.2,11.823
7020,124,train,318.5386552943275,134,,154.39,0.2,11.684
7165,125,train,328.1592725058599,145,,159.03,0.2,12.195
7297,126,train,313.05337060422147,132,,163.2,0.2,12.388
7431,127,train,314.2407901234865,134,,167.42,0.2,12.803
7576,128,train,321.15839515368424,145,,172.22,0.2,12.628
7710,129,train,301.82175811807866,134,,176.44,0.2,12.771
7853,130,train,322.13103521685775,143,,181.57,0.2,13.171
7986,131,train,307.53079711481956,133,,186.0,0.2,13.309
8117,132,train,322.3448711649476,131,,189.99,0.2,12.944
8248,133,train,286.88716807496775,131,,194.3,0.2,13.664
8382,134,train,326.3585686807103,134,,198.26,0.2,13.61
8516,135,train,327.983233797191,134,,202.63,0.2,14.085
8660,136,train,324.35982445764347,144,,207.28,0.2,14.322
8797,137,train,298.58258530919346,137,,211.49,0.2,14.143
8931,138,train,317.3571747001797,134,,216.0,0.2,14.526
9033,139,train,216.86939975942536,102,,219.19,0.2,14.187
9165,140,train,308.92152389481123,132,,223.73,0.2,14.381
9294,141,train,294.9729961780539,129,,227.89,0.2,15.213
9418,142,train,282.7574896095257,124,,231.9,0.2,14.968
9547,143,train,304.78078290950333,129,,236.11,0.2,15.574
9678,144,train,292.22784449761804,131,,240.03,0.2,15.385
9808,145,train,287.3851892425308,130,,243.57,0.2,14.983
9936,146,train,297.19484456142965,128,,247.42,0.2,15.12
10000,146,eval,,,309.86,250.33,0.2,16.312
10063,147,train,286.8499971869497,127,,252.55,0.2,16.232
10196,148,train,306.21704576116576,133,,257.34,0.2,16.33
10326,149,train,312.1540510283799,130,,261.72,0.2,16.202
10466,150,train,303.259020254686,140,,266.75,0.2,16.059
10607,151,train,312.65220977862515,141,,271.85,0.2,16.932
10733,152,train,297.2994371882847,126,,275.87,0.2,16.639
10867,153,train,304.73473883446746,134,,280.14,0.2,16.575
11032,154,train,368.03445272797654,165,,285.39,0.2,17.358
11159,155,train,300.7984738054653,127,,289.49,0.2,16.811
11290,156,train,296.819442384702,131,,294.27,0.2,17.304
11416,157,train,290.1796055789396,126,,298.69,0.2,17.688
11541,158,train,295.489128557452,125,,303.03,0.2,17.468
11662,159,train,288.4539666950563,121,,307.12,0.2,17.767
11799,160,train,299.28478513061094,137,,311.68,0.2,16.969
11946,161,train,308.198572834591,147,,316.73,0.2,18.364
12068,162,train,285.5353833206065,122,,321.06,0.2,17.903
12196,163,train,277.04798196614803,128,,325.02,0.2,18.167
12315,164,train,268.34841205964307,119,,329.23,0.2,18.716
12439,165,train,287.8551470077636,124,,333.13,0.2,17.876
12569,166,train,298.1669794110687,130,,337.69,0.2,18.194
12712,167,train,316.2190327426895,143,,342.55,0.2,18.332
12838,168,train,296.82605229100113,126,,346.67,0.2,18.498
12969,169,train,299.44162875249464,131,,351.14,0.2,18.282
13099,170,train,299.7067444614393,130,,355.3,0.2,18.186
13225,171,train,285.8149514130597,126,,359.46,0.2,18.963
13356,172,train,279.5544216283515,131,,363.73,0.2,18.672
13503,173,train,302.8818586463828,147,,368.62,0.2,19.584
13630,174,train,302.43571118890947,127,,372.92,0.2,18.4
13767,175,train,305.2385076514283,137,,377.64,0.2,19.019
13900,176,train,291.60190886903354,133,,381.99,0.2,19.363
14050,177,train,326.99919716306204,150,,387.05,0.2,19.928
14185,178,train,311.7291679877081,135,,391.44,0.2,19.234
14316,179,train,303.7857040478392,131,,395.4,0.2,19.448
14437,180,train,271.6685515157764,121,,399.5,0.2,18.908
14561,181,train,286.4922199620408,124,,403.28,0.2,20.118
14692,182,train,303.4432015964701,131,,407.66,0.2,18.791
14826,183,train,308.3550055700807,134,,411.71,0.2,19.767
14962,184,train,319.7894335612222,136,,416.26,0.2,19.816
15000,184,eval,,,310.4,418.05,0.2,20.418
15101,185,train,316.21857028901724,139,,421.89,0.2,19.853
15244,186,train,323.42045629645975,143,,426.48,0.2,20.378
15372,187,train,294.79561766312025,128,,430.58,0.2,20.546
15496,188,train,281.7550153779586,124,,434.63,0.2,20.22
15632,189,train,320.6414733121526,136,,438.91,0.2,20.436
15756,190,train,290.4614062792337,124,,442.95,0.2,19.927
15889,191,train,317.47398090239415,133,,447.39,0.2,20.045
16030,192,train,327.8212597606997,141,,451.64,0.2,19.796
16164,193,train,305.60028124840903,134,,456.39,0.2,21.058
16297,194,train,323.9405141714292,133,,460.84,0.2,20.434
16435,195,train,312.7717443907265,138,,465.27,0.2,20.841
16571,196,train,322.2856385830265,136,,469.87,0.2,20.452
16704,197,train,319.29205759965345,133,,474.21,0.2,19.968
16838,198,train,320.4021016313,134,,478.11,0.2,20.176
16973,199,train,332.11954445816497,135,,481.84,0.2,21.142
17109,200,train,308.5368533420295,136,,485.95,0.2,20.588
17247,201,train,318.89252599475714,138,,490.65,0.2,20.946
17391,202,train,330.252225347497,144,,494.98,0.2,21.435
17532,203,train,340.883461181979,141,,498.67,0.2,21.953
17671,204,train,329.5642165656946,139,,503.54,0.2,21.688
17817,205,train,330.9531270172905,146,,508.15,0.2,20.877
17960,206,train,330.39384770679544,143,,512.59,0.2,20.873
18093,207,train,308.69842515835194,133,,516.3,0.2,21.199
18227,208,train,320.6822012536144,134,,519.96,0.2,20.585
18358,209,train,325.8259145052549,131,,523.31,0.2,20.879
18493,210,train,326.46554519593764,135,,526.78,0.2,21.52
18626,211,train,322.9770261371991,133,,529.97,0.2,21.051
18763,212,train,316.0850766264725,137,,534.12,0.2,21.761
18903,213,train,328.5929032104374,140,,537.97,0.2,21.935
19049,214,train,331.2073926559278,146,,542.65,0.2,21.775
19191,215,train,320.10388654036063,142,,547.28,0.2,20.753
19332,216,train,333.79458833702677,141,,550.79,0.2,20.767
19467,217,train,328.28774682023663,135,,554.0,0.2,21.32
19599,218,train,322.14244686817847,132,,556.86,0.2,23.192
19741,219,train,322.41605191786425,142,,560.35,0.2,21.869
19881,220,train,317.8110757610281,140,,563.87,0.2,22.364
20000,220,eval,,,319.55,567.25,0.2,22.071
20019,221,train,315.9981155863385,138,,567.69,0.2,22.059
20155,222,train,330.64266061260554,136,,570.88,0.2,21.117
20297,223,train,320.74021044709195,142,,574.33,0.2,22.257
20433,224,train,321.1257782416554,136,,578.4,0.2,22.263
20575,225,train,308.2561834300081,142,,582.57,0.2,22.199
20715,226,train,323.184569542202,140,,586.54,0.2,22.177
20848,227,train,324.7504925902,133,,590.21,0.2,21.722
20980,228,train,299.5711650589745,132,,593.61,0.2,20.921
21125,229,train,332.2435223400061,145,,597.26,0.2,22.378
21268,230,train,327.03928209793725,143,,600.68,0.2,22.118
21417,231,train,350.62620172805225,149,,604.33,0.2,22.36
21554,232,train,317.8730820741,137,,607.55,0.2,21.562
21696,233,train,346.6399761523505,142,,611.18,0.2,22.596
21829,234,train,316.7304173756693,133,,614.3,0.2,22.222
21967,235,train,322.03683209727313,138,,618.12,0.2,22.948
22111,236,train,324.265554486972,144,,622.47,0.2,21.871
22244,237,train,313.19627640588266,133,,626.37,0.2,22.819
22378,238,train,327.62677164248913,134,,630.28,0.2,22.823
22516,239,train,330.15115607650364,138,,633.82,0.2,21.259
22662,240,train,327.1901606864828,146,,638.37,0.2,23.817
22801,241,train,330.4414550151037,139,,642.69,0.2,22.786
22936,242,train,304.41320888216654,135,,646.48,0.2,22.993
23073,243,train,326.67520110746096,137,,649.98,0.2,22.561
23214,244,train,329.9861346306663,141,,653.58,0.2,23.13
23369,245,train,323.78839087924075,155,,657.57,0.2,22.603
23504,246,train,323.27711313801836,135,,662.31,0.2,24.002
23647,247,train,347.56357142488383,143,,666.66,0.2,22.471
23788,248,train,334.4604458714916,141,,670.28,0.2,22.931
23932,249,train,327.55542498863133,144,,674.64,0.2,22.951
24066,250,train,332.9586871133698,134,,678.28,0.2,23.456
24204,251,train,319.05286248865644,138,,682.39,0.2,23.395
24348,252,train,335.4885082413452,144,,687.57,0.2,23.193
24492,253,train,318.7396014979689,144,,693.27,0.2,23.121
24631,254,train,319.4620352606952,139,,697.58,0.2,22.885
24763,255,train,328.6322931922938,132,,702.42,0.2,23.302
24903,256,train,323.2374752158509,140,,707.23,0.2,24.291
25000,256,eval,,,319.41,711.01,0.2,23.692
25045,257,train,319.89621158699526,142,,712.4,0.2,22.73
25169,258,train,307.7876705680591,124,,716.44,0.2,22.803
25299,259,train,325.04104083410516,130,,720.67,0.2,23.79
25437,260,train,333.12869790006994,138,,725.09,0.2,23.863
25579,261,train,320.3926638654091,142,,729.84,0.2,22.649
25726,262,train,331.6710291313139,147,,734.56,0.2,22.661
25878,263,train,325.3917071695207,152,,739.54,0.2,22.753
26020,264,train,332.5185874767899,142,,744.33,0.2,23.499
26164,265,train,332.37062502331526,144,,749.29,0.2,23.205
26303,266,train,338.1985851050075,139,,753.72,0.2,23.694
26438,267,train,327.35213411400235,135,,758.0,0.2,23.831
26576,268,train,334.6019887004574,138,,762.81,0.2,21.863
26714,269,train,329.7308661256475,138,,767.48,0.2,23.035
26853,270,train,323.8836783260684,139,,771.9,0.2,24.136
26998,271,train,331.6828737819306,145,,776.51,0.2,23.114
27153,272,train,366.0509343432685,155,,781.56,0.2,23.639
27294,273,train,326.7069082331962,141,,786.38,0.2,23.567
27448,274,train,342.0863433705059,154,,791.68,0.2,22.438
27589,275,train,330.48659709747704,141,,795.97,0.2,23.343
27732,276,train,343.39319840086404,143,,800.8,0.2,23.186
27867,277,train,317.43530831832544,135,,805.57,0.2,23.206
28015,278,train,330.8512783652515,148,,809.96,0.2,24.37
28159,279,train,325.24948299120933,144,,814.75,0.2,22.578
28295,280,train,317.51745440680367,136,,819.37,0.2,24.532
28431,281,train,315.77103573812633,136,,823.73,0.2,23.932
28569,282,train,310.90497607162445,138,,828.59,0.2,23.576
28700,283,train,326.32746152835654,131,,833.01,0.2,24.271
28835,284,train,314.7284087099697,135,,837.32,0.2,23.514
28978,285,train,324.91791281768025,143,,841.93,0.2,22.53
29116,286,train,336.3816941807138,138,,846.98,0.2,23.945
29259,287,train,348.2876252400779,143,,851.52,0.2,24.206
29403,288,train,334.4207579485738,144,,856.1,0.2,24.451
29551,289,train,339.89257259439586,148,,861.47,0.2,23.714
29687,290,train,322.4820704314903,136,,865.99,0.2,23.919
29828,291,train,344.65605282102587,141,,870.83,0.2,23.806
29970,292,train,349.71353202718274,142,,875.53,0.2,24.633
30000,292,eval,,,330.05,877.23,0.2,23.709
30110,293,train,348.65335039258986,140,,880.63,0.2,25.426
30248,294,train,317.2175872734352,138,,885.3,0.2,23.849
30378,295,train,314.7643800602657,130,,889.62,0.2,23.962
30521,296,train,318.16122380939686,143,,894.47,0.2,23.601
30692,297,train,355.377159144421,171,,899.91,0.2,24.705
30826,298,train,326.2104674282431,134,,904.63,0.2,23.694
30984,299,train,358.6371689536492,158,,909.76,0.2,23.38
31131,300,train,346.0788163641703,147,,914.76,0.2,24.156
31289,301,train,352.0357347350891,158,,919.93,0.2,23.998
31445,302,train,344.21341008544914,156,,925.13,0.2,23.684
31582,303,train,326.79606376952887,137,,929.74,0.2,23.027
31721,304,train,334.0916446641228,139,,934.29,0.2,24.351
31884,305,train,352.6461746665812,163,,939.53,0.2,23.591
32028,306,train,337.215243611526,144,,944.39,0.2,24.172
32134,307,train,213.67298121144873,106,,948.1,0.2,24.196
32271,308,train,334.02230073449033,137,,952.8,0.2,23.993
32406,309,train,327.1573773368997,135,,957.28,0.2,23.433
32540,310,train,329.02135243198916,134,,961.67,0.2,23.936
32678,311,train,334.9382126105484,138,,966.44,0.2,24.252
32814,312,train,336.07553610536286,136,,970.65,0.2,24.533
33004,313,train,373.7281501549879,190,,976.92,0.2,23.613
33183,314,train,371.3599492569402,179,,982.9,0.2,23.765
33346,315,train,341.4474542289874,163,,988.29,0.2,24.67
33490,316,train,331.3114857132991,144,,993.49,0.2,23.157
33628,317,train,317.69722115719645,138,,997.68,0.2,24.288
33776,318,train,330.20391787734025,148,,1002.29,0.2,23.486
33916,319,train,317.6290409081081,140,,1007.3,0.2,24.518
34059,320,train,339.60799617090066,143,,1011.72,0.2,23.932
34196,321,train,333.80475095287915,137,,1015.56,0.2,24.196
34364,322,train,356.69488992752366,168,,1020.98,0.2,24.972
34509,323,train,338.7184438470012,145,,1025.58,0.2,23.964
34659,324,train,336.4200847428524,150,,1030.57,0.2,25.859
34799,325,train,344.40127171310536,140,,1035.13,0.2,24.14
34960,326,train,342.0003059273669,161,,1038.9,0.2,24.428
35000,326,eval,,,329.3,1040.92,0.2,23.794
35103,327,train,326.90599298730183,143,,1044.12,0.2,24.268
35249,328,train,335.13067950995696,146,,1049.35,0.2,23.823
35396,329,train,336.7404687048835,147,,1053.4,0.2,24.529
35551,330,train,352.69102570575274,155,,1057.6,0.2,24.116
35689,331,train,328.53885166529653,138,,1061.96,0.2,24.549
35824,332,train,315.4383601224633,135,,1065.78,0.2,23.959
36045,333,train,421.8880064941836,221,,1072.45,0.2,23.963
36207,334,train,350.6086791668494,162,,1077.88,0.2,24.422
36344,335,train,320.81056230187966,137,,1081.69,0.2,24.361
36491,336,train,343.8597836305681,147,,1085.31,0.2,24.203
36638,337,train,345.54777587340055,147,,1089.25,0.2,25.224
36821,338,train,384.51529699027367,183,,1093.88,0.2,24.245
36993,339,train,361.3997283154643,172,,1098.01,0.2,24.958
37138,340,train,330.2125060219275,145,,1101.55,0.2,24.094
37281,341,train,347.47659772599576,143,,1105.96,0.2,25.354
37427,342,train,351.87504361599633,146,,1110.52,0.2,24.863
37578,343,train,349.5314168307399,151,,1114.72,0.2,23.963
37734,344,train,340.13729789616985,156,,1118.97,0.2,24.85
37891,345,train,347.697716221625,157,,1122.98,0.2,25.48
38094,346,train,401.29586190616664,203,,1128.29,0.2,25.293
38251,347,train,364.9259075455107,157,,1132.15,0.2,25.344
38395,348,train,329.92413721570136,144,,1136.09,0.2,25.095
38554,349,train,343.95291048166075,159,,1140.01,0.2,25.174
38688,350,train,334.2209987561896,134,,1143.95,0.2,25.341
38832,351,train,350.4014387182806,144,,1148.52,0.2,25.409
38969,352,train,335.68695185840915,137,,1152.6,0.2,25.997
39111,353,train,334.24993465406305,142,,1157.03,0.2,24.407
39248,354,train,329.1461158621132,137,,1160.78,0.2,25.4
39423,355,train,376.22711860743254,175,,1165.22,0.2,24.249
39614,356,train,392.5698689904432,191,,1169.76,0.2,25.451
39754,357,train,322.4401856779893,140,,1173.86,0.2,24.892
39894,358,train,332.1975758713185,140,,1177.37,0.2,24.772
40000,358,eval,,,331.1,1180.35,0.2,24.64
40038,359,train,341.5878321689334,144,,1181.49,0.2,23.858
40283,360,train,435.938802376094,245,,1188.96,0.2,24.754
40423,361,train,333.7095638810802,140,,1193.42,0.2,25.512
40733,362,train,498.67660232292036,310,,1201.95,0.2,24.637
40866,363,train,324.00046011178785,133,,1205.25,0.2,25.234
41009,364,train,335.5636424434954,143,,1209.07,0.2,25.605
41143,365,train,330.04357839134354,134,,1212.44,0.2,25.57
41276,366,train,330.1982986761443,133,,1215.77,0.2,24.745
41417,367,train,333.99677845381575,141,,1219.34,0.2,26.082
41603,368,train,372.2899852468584,186,,1224.41,0.2,25.049
41746,369,train,349.02561453820766,143,,1228.86,0.2,24.754
41910,370,train,359.7956058314081,164,,1233.89,0.2,24.239
42071,371,train,360.50813009700386,161,,1238.65,0.2,24.664
42211,372,train,351.61928318777655,140,,1242.25,0.2,25.817
42389,373,train,377.0787002412742,178,,1246.91,0.2,25.155
42534,374,train,336.737674653318,145,,1250.18,0.2,25.453
42678,375,train,351.470718097567,144,,1253.96,0.2,25.114
42812,376,train,331.90020890044684,134,,1257.59,0.2,25.047
42964,377,train,342.9020618913872,152,,1262.07,0.2,25.051
43131,378,train,361.75904359693084,167,,1267.15,0.2,26.034
43281,379,train,335.275799658737,150,,1271.51,0.2,25.065
43414,380,train,330.6480022075764,133,,1275.66,0.2,25.286
43599,381,train,372.25329862278556,185,,1281.11,0.2,25.238
43733,382,train,340.42481557569937,134,,1284.21,0.2,25.011
43877,383,train,353.58998376565347,144,,1287.98,0.2,26.255
44018,384,train,334.63319993849694,141,,1291.12,0.2,24.597
44158,385,train,340.3144510173782,140,,1294.99,0.2,26.181
44296,386,train,325.6107335675909,138,,1298.08,0.2,25.955
44505,387,train,395.5184109004309,209,,1303.09,0.2,25.935
44657,388,train,354.3006462349888,152,,1307.41,0.2,24.744
44802,389,train,333.8903295403947,145,,1311.39,0.2,25.561
44941,390,train,325.23180497016716,139,,1315.85,0.2,26.176
45000,390,eval,,,337.37,1317.9,0.2,25.451
45081,391,train,331.06286505578146,140,,1320.36,0.2,25.606
45257,392,train,373.3232391625802,176,,1324.47,0.2,25.317
45402,393,train,356.67513363967214,145,,1328.04,0.2,25.053
45535,394,train,324.18617554102195,133,,1331.22,0.2,25.208
45672,395,train,337.0317787231613,137,,1334.37,0.2,25.889
45834,396,train,357.7256316374845,162,,1338.24,0.2,25.741
45973,397,train,355.0307651062414,139,,1341.85,0.2,25.26
46144,398,train,385.73607402859545,171,,1346.06,0.2,26.098
46288,399,train,332.82399554946056,144,,1350.85,0.2,25.177
46441,400,train,355.74302669603566,153,,1355.42,0.2,25.436
46582,401,train,331.7578190386331,141,,1359.58,0.2,25.725
46715,402,train,321.34815220998195,133,,1362.94,0.2,25.27
46867,403,train,344.6465754717634,152,,1366.44,0.2,26.494
47015,404,train,344.26698041051145,148,,1369.99,0.2,25.261
47181,405,train,363.2443132502006,166,,1373.9,0.2,25.852
47317,406,train,326.12600711979127,136,,1377.28,0.2,24.848
47467,407,train,345.5185376922814,150,,1380.91,0.2,25.729
47618,408,train,344.19246043252997,151,,1384.72,0.2,25.624
47766,409,train,349.21808691421364,148,,1388.51,0.2,25.57
47909,410,train,338.4746750437238,143,,1393.02,0.2,26.751
48049,411,train,338.8765441023039,140,,1396.91,0.2,25.066
48198,412,train,343.5240264084858,149,,1401.48,0.2,24.998
48340,413,train,343.0384285094105,142,,1404.96,0.2,26.672
48485,414,train,335.2781283204045,145,,1408.65,0.2,26.742
48624,415,train,330.087163217685,139,,1412.05,0.2,25.898
48773,416,train,343.5849797833979,149,,1415.68,0.2,26.079
48962,417,train,396.4102057191709,189,,1420.16,0.2,25.443
49104,418,train,348.0078645673109,142,,1423.43,0.2,25.593
49287,419,train,378.45757239728056,183,,1428.58,0.2,24.21
49424,420,train,335.1401522150831,137,,1432.46,0.2,26.079
49569,421,train,346.58047880934697,145,,1437.1,0.2,26.073
49762,422,train,384.5324320141818,193,,1442.53,0.2,26.278
49982,423,train,406.5914418529882,220,,1447.86,0.2,26.748
50000,423,eval,,,332.78,1448.64,0.2,26.986
50135,424,train,344.1739536090576,153,,1451.97,0.2,24.92
50278,425,train,327.8981440644606,143,,1455.73,0.2,25.079
50424,426,train,333.8681362160661,146,,1459.09,0.2,26.665
50612,427,train,390.9146787713673,188,,1463.56,0.2,26.566
50745,428,train,317.7793850114139,133,,1466.76,0.2,25.675
50904,429,train,352.60164464163734,159,,1471.69,0.2,25.859
51109,430,train,392.90451198669547,205,,1477.77,0.2,26.145
51321,431,train,396.993721063333,212,,1484.06,0.2,26.596
51458,432,train,339.74163500860084,137,,1487.22,0.2,25.092
51645,433,train,389.4049985404188,187,,1491.71,0.2,25.66
51786,434,train,338.17345080934115,141,,1495.36,0.2,26.799
51931,435,train,327.91084942492176,145,,1499.22,0.2,24.334
52079,436,train,352.46001973605695,148,,1502.56,0.2,26.577
52214,437,train,312.2377990717104,135,,1505.95,0.2,24.319
52372,438,train,345.8602500324852,158,,1510.69,0.2,26.223
52579,439,train,400.5049128319825,207,,1516.65,0.2,26.665
52782,440,train,399.14021183284547,203,,1522.57,0.2,25.249
52943,441,train,344.6441925988497,161,,1526.8,0.2,25.7
53099,442,train,358.9773841349036,156,,1530.6,0.2,25.64
53252,443,train,355.36489669365045,153,,1534.26,0.2,26.495
53456,444,train,395.2953761192254,204,,1539.46,0.2,26.175
53604,445,train,189.5277839594356,148,,1542.93,0.2,27.14
53751,446,train,358.6009040039243,147,,1546.45,0.2,25.927
53901,447,train,382.5222113004741,150,,1550.84,0.2,26.326
54108,448,train,409.58258450023845,207,,1557.63,0.2,27.598
54262,449,train,353.0988085360024,154,,1562.7,0.2,26.514
54394,450,train,311.1859330357957,132,,1566.97,0.2,27.288
54545,451,train,345.58679314557753,151,,1571.77,0.2,26.995
54788,452,train,439.0622227673258,243,,1579.7,0.2,26.629
54944,453,train,370.1891131380003,156,,1584.74,0.2,26.335
55000,453,eval,,,336.17,1587.42,0.2,27.15
55095,454,train,350.00009306706204,151,,1590.71,0.2,26.172
55241,455,train,348.82819460961184,146,,1595.89,0.2,25.952
55395,456,train,353.1775026985374,154,,1601.0,0.2,25.781
55575,457,train,383.98935698195663,180,,1606.83,0.2,26.594
55723,458,train,355.437837620911,148,,1611.82,0.2,26.281
55889,459,train,351.2997631386888,166,,1617.59,0.2,26.516
56082,460,train,389.25650747599565,193,,1623.78,0.2,25.908
56237,461,train,352.4349572210753,155,,1628.68,0.2,27.35
56433,462,train,388.55883758320755,196,,1635.27,0.2,26.688
56576,463,train,349.29006043640896,143,,1640.22,0.2,26.33
56718,464,train,355.1307070199669,142,,1644.79,0.2,26.297
56884,465,train,373.30516721371487,166,,1650.43,0.2,25.791
57031,466,train,349.79297454409885,147,,1655.29,0.2,26.394
57177,467,train,357.17904963943863,146,,1660.09,0.2,27.098
57335,468,train,357.7156977162024,158,,1665.16,0.2,26.657
57489,469,train,364.4322477109432,154,,1670.39,0.2,26.564
57694,470,train,405.8404959924696,205,,1677.62,0.2,26.746
57881,471,train,384.16643900854143,187,,1683.78,0.2,25.993
58185,472,train,508.49095488621737,304,,1693.97,0.2,28.041
58326,473,train,349.1647598714666,141,,1698.45,0.2,26.372
58487,474,train,350.6894201254036,161,,1704.11,0.2,27.619
58778,475,train,488.6883958196761,291,,1713.78,0.2,25.927
58955,476,train,369.74077739408796,177,,1719.84,0.2,26.629
59120,477,train,358.70127186354375,165,,1725.65,0.2,26.841
59409,478,train,339.4106524035787,289,,1735.01,0.2,27.014
59704,479,train,498.2498127477264,295,,1744.8,0.2,27.687
59853,480,train,344.11264510620333,149,,1750.07,0.2,25.86
60000,480,eval,,,1024.43,1759.8,0.2,27.894
60156,481,train,500.224746168837,303,,1764.63,0.2,26.348
60346,482,train,381.0314826168577,190,,1770.8,0.2,26.217
60521,483,train,368.436285588651,175,,1776.66,0.2,26.809
60710,484,train,386.02903409247693,189,,1782.8,0.2,27.189
60996,485,train,490.6610235200628,286,,1792.54,0.2,27.24
61205,486,train,418.15311358383997,209,,1799.9,0.2,26.943
61367,487,train,346.92934516061075,162,,1808.08,0.2,26.971
61546,488,train,379.4349103886125,179,,1816.57,0.2,26.153
61890,489,train,551.4746197472964,344,,1827.65,0.2,27.311
62063,490,train,365.01622058581347,173,,1834.05,0.2,26.473
62371,491,train,506.4322775403908,308,,1844.54,0.2,26.543
62697,492,train,527.6336987807581,326,,1854.11,0.2,26.369
62907,493,train,409.7647540633845,210,,1860.88,0.2,27.083
63144,494,train,269.4816739749275,237,,1867.9,0.2,27.229
63903,495,train,958.0064635231853,759,,1891.9,0.2,27.34
64101,496,train,386.4048306578881,198,,1898.66,0.2,27.318
64667,497,train,794.0421945874712,566,,1914.97,0.2,27.032
64868,498,train,381.4712609677664,201,,1919.88,0.2,27.739
65000,498,eval,,,1016.7,1926.25,0.2,27.215
65347,499,train,691.9174754626866,479,,1937.1,0.2,25.378
65861,500,train,709.6499002878294,514,,1951.05,0.2,28.273
66109,501,train,443.52708884195897,248,,1956.91,0.2,27.516
66751,502,train,838.869234829732,642,,1974.52,0.2,28.852
67751,503,train,1012.7530274202874,1000,,2001.3,0.2,27.462
68562,504,train,1019.7772907255057,811,,2024.56,0.2,28.441
69099,505,train,737.9861482713226,537,,2038.09,0.2,28.172
70000,505,eval,,,1017.68,2066.64,0.2,28.154
70099,506,train,1018.9920788078464,1000,,2068.97,0.2,29.153
70727,507,train,834.1739758179999,628,,2085.45,0.2,28.068
71660,508,train,1126.9057265322758,933,,2112.0,0.2,28.158
72660,509,train,1029.116913533468,1000,,2139.59,0.2,28.658
73179,510,train,744.1730910443357,519,,2154.9,0.2,29.214
74179,511,train,1026.6971959109858,1000,,2183.37,0.2,29.131
74616,512,train,631.4534265288128,437,,2195.6,0.2,28.105
75000,512,eval,,,1020.55,2208.62,0.2,29.112
75055,513,train,629.6259871944502,439,,2209.85,0.2,28.406
76055,514,train,1031.7020727239878,1000,,2238.65,0.2,29.351
77055,515,train,1037.162274746332,1000,,2267.24,0.2,29.05
78055,516,train,1053.8262408264377,1000,,2292.44,0.2,28.051
79055,517,train,1036.8614349885809,1000,,2320.78,0.2,29.356
80000,517,eval,,,1020.81,2351.5,0.2,29.69
80055,518,train,1033.79502457311,1000,,2352.98,0.2,29.177
81055,519,train,1036.240900515048,1000,,2385.58,0.2,29.439
82055,520,train,1029.683064741667,1000,,2421.84,0.2,30.153
83055,521,train,1034.7258638301028,1000,,2457.2,0.2,28.93
84055,522,train,1185.9473964732158,1000,,2492.39,0.2,30.9
85000,522,eval,,,1029.86,2529.41,0.2,30.456
85055,523,train,1034.631866102549,1000,,2531.4,0.2,30.467
86055,524,train,1037.9915978790193,1000,,2564.51,0.2,29.87
87055,525,train,1032.2344606361137,1000,,2597.49,0.2,31.46
88055,526,train,1045.8589500340936,1000,,2630.21,0.2,30.144
89055,527,train,1046.6979734339732,1000,,2658.64,0.2,28.666
90000,527,eval,,,1033.04,2684.72,0.2,31.009
90055,528,train,1046.9866059392739,1000,,2686.18,0.2,31.89
91055,529,train,1047.1728059551003,1000,,2707.34,0.2,30.886
92055,530,train,1045.363061988027,1000,,2728.3,0.2,32.086
93055,531,train,1048.172068550059,1000,,2749.43,0.2,32.288
94055,532,train,1042.908660014157,1000,,2770.48,0.2,31.348
95000,532,eval,,,1033.98,2793.14,0.2,30.881
95055,533,train,1047.7083912836306,1000,,2794.53,0.2,32.229
96055,534,train,1041.3144972254263,1000,,2815.68,0.2,31.751
96573,535,train,704.3345092336995,518,,2826.69,0.2,32.948
97573,536,train,1044.1304860507207,1000,,2846.92,0.2,32.949
98573,537,train,1046.0746334883809,1000,,2867.82,0.2,32.236
99573,538,train,1047.0755769404159,1000,,2889.7,0.2,30.929
100000,538,eval,,,1037.93,2902.75,0.2,33.282
100573,539,train,1049.31324131585,1000,,2916.06,0.2,32.714
101573,540,train,1041.49606337921,1000,,2939.57,0.2,33.449
102573,541,train,1058.2180784762102,1000,,2963.08,0.2,32.561
103573,542,train,1052.0164470651873,1000,,2984.46,0.2,32.554
104573,543,train,1036.8577795796577,1000,,3008.12,0.2,33.512
105000,543,eval,,,1036.01,3027.13,0.2,32.88
105573,544,train,1050.155541888151,1000,,3046.24,0.2,32.222
106573,545,train,1046.7894652664077,1000,,3079.78,0.2,33.34
107573,546,train,1045.6823734460697,1000,,3112.48,0.2,34.204
108573,547,train,1035.166752489809,1000,,3145.54,0.2,33.275
109573,548,train,1039.9771950212005,1000,,3179.46,0.2,33.967
110000,548,eval,,,1038.76,3197.52,0.2,33.397
110573,549,train,1053.4865877199168,1000,,3216.65,0.2,33.301
111573,550,train,1057.235139979575,1000,,3250.19,0.2,33.994
112573,551,train,1044.2319208990682,1000,,3279.81,0.2,33.556
113573,552,train,1037.4452366760356,1000,,3304.14,0.2,33.541
114573,553,train,1050.0709422937668,1000,,3327.54,0.2,33.704
115000,553,eval,,,1037.81,3339.53,0.2,34.926
115573,554,train,1060.9768978667403,1000,,3352.08,0.2,33.281
116573,555,train,1046.8646236774848,1000,,3374.75,0.2,34.116
117573,556,train,1052.2183686307349,1000,,3397.33,0.2,33.343
118573,557,train,1066.0244247567314,1000,,3413.16,0.2,34.155
119573,558,train,1040.693752503442,1000,,3427.33,0.2,33.923
120000,558,eval,,,1042.01,3434.91,0.2,34.698
